region,user ,content
1,1,Region1
2,2,Region2
3,3,Region3
4,4,Region4
5,5,Region5
6,6,Region6
7,7,Region7
8,8,Region8
9,9,Region9
10,10,Region10
11,11,Region11
12,12,Region12
13,13,Region13
14,14,Region14
15,15,Region15
16,16,Region16
17,17,Region17
18,18,Region18
19,19,Region19
20,20,Region20
21,21,Region21
22,22,Region22
23,23,Region23
24,24,Region24
25,25,Region25
26,26,Region26
27,27,Region27
28,28,Region28
29,29,Region29
30,30,Region30
31,31,Region31
32,32,Region32
33,33,Region33
34,34,Region34
35,35,Region35
36,36,Region36
37,37,Region37
38,38,Region38
39,39,Region39
40,40,Region40
41,41,Region41
42,42,Region42
43,43,Region43
44,44,Region44
45,45,Region45
46,46,Region46
47,47,Region47
48,48,Region48
49,49,Region49
50,50,Region50
51,51,Region51
52,52,Region52
53,53,Region53
54,54,Region54
55,55,Region55
56,56,Region56
57,57,Region57
58,58,Region58
59,59,Region59
60,60,Region60
61,61,Region61
62,62,Region62
63,63,Region63
64,64,Region64
65,65,Region65
66,66,Region66
67,67,Region67
68,68,Region68
69,69,Region69
70,70,Region70
71,71,Region71
72,72,Region72
73,73,Region73
74,74,Region74
75,75,Region75
76,76,Region76
77,77,Region77
78,78,Region78
79,79,Region79
80,80,Region80
81,81,Region81
82,82,Region82
83,83,Region83
84,84,Region84
85,85,Region85
86,86,Region86
87,87,Region87
88,88,Region88
